<?xml version="1.0" encoding="UTF-8" standalone="yes"?><policy type="MQEndpoint">    <policyProperties>        <mqConnectionDetailsPolicy>            <connection>SERVER</connection>            <destinationQueueManagerName>IIBQM</destinationQueueManagerName>            <queueManagerHostname>localhost</queueManagerHostname>            <listenerPortNumber>1414</listenerPortNumber>            <channelName>SYSTEM.DEF.SVRCONN</channelName>            <useSSL>false</useSSL>        </mqConnectionDetailsPolicy>    </policyProperties></policy>